4.680916528633327545e+01,1.164177050170755834e+01
4.138746257652850602e+01,4.155730124117908986e+01
5.110236240492045390e+00,1.065161688332595347e+01
1.452646512997475803e+01,1.346388297656266531e+01
4.987914051246135472e+01,3.225499217589149481e+01
7.511448643636529088e-01,3.060275193996874421e+01
3.343281348231286643e+01,2.922585670766099497e+01
2.476478618652113184e+01,2.119644725643916772e+01
2.951645967724776298e+01,3.858580437545960251e+01
3.529280954817772908e+01,4.861724598049037382e+01
3.871346454461330211e+01,1.710676267175505672e+01
2.653142204005351701e+01,6.612736405968445474e+00
3.312246409315766638e+00,2.700397549937263264e+01
1.867777628308546412e+01,3.031869969104688067e+01
1.308916136893686577e+01,4.761468846634500807e+01
2.288542301864789863e+01,4.459973163987099554e+01
3.969838111039796757e+01,3.144491019031406509e+01
1.398049697181969897e+01,2.927930084462186056e+00
1.249471822759550044e+01,1.655639313059285556e+01
3.261322943706393573e+01,4.385827506368371154e+00
2.894380133805936950e+01,2.618033481101477156e-01
1.894224236393487004e+01,4.928100475864610530e+01
5.006763092280220206e+01,2.277313742345664593e+01
1.343310623109319657e+01,3.666789467749451603e+01
4.403455924242175712e+01,4.296351547060384490e+01
4.419349196549354986e+01,2.535703814535614242e+01
2.159933299388984196e+01,5.054213656565313784e+01
3.693202461850689122e+00,1.363605865623119939e+01
4.451579804859316170e+01,2.195080885316032848e+01
1.414862666936239854e+01,6.048685378307631311e+00
6.783953227373370254e+00,2.453801215865243179e+01
1.589666187106965722e+01,2.754008533147506910e+01
4.652296807115777000e+01,1.910568593588746111e+01
3.581187280471492329e+01,2.277604535715545353e+01
2.422516415936431500e+01,3.123638811346544486e+01
4.119972655590081523e+00,3.901673578233202022e+01
3.905842375660707688e+01,4.357852354558377783e+01
3.462539803178433573e+01,3.556039290695152033e+01
4.142237158664067209e+01,2.314566235692625185e+01
1.939118540220556142e+01,9.713596370901539601e+00
3.434965808710091295e+01,1.759041769042764614e+01
3.497645606543692764e+01,9.156336595481304741e+00
1.781249850605219720e+01,1.995975866758759310e+01
1.262821595464168034e+01,2.943167573971760476e+01
2.391139053157743177e+01,4.192159603933123435e+01
1.308610392326684391e+01,1.061157932717126684e+01
4.160630797814899040e+01,1.632229419876730958e+01
4.364250693687886695e+01,1.391381789679597958e+01
1.619334409250026141e+01,1.070970252549449775e+01
3.232813137185292618e+01,1.491510982211219805e+01
2.835911549656421471e+01,1.637212159996207106e+01
4.851960751838485919e+01,3.496526173519705338e+01
3.026586158057930120e+01,3.493549542104966577e+01
3.347899497005469982e+01,2.446881286022713198e+01
2.957916356820550163e+01,4.166234443571861590e+01
1.902890801999323500e+01,2.682276264161250623e+01
4.385526961228604392e+01,3.234550231741437898e+01
1.252463330933485608e+01,2.342872727251562281e+01
1.155473091811895792e+01,4.409202478196037056e+00
2.514331910989512764e+01,2.740299132677582961e+01
1.188812255893236269e+01,7.961785034919961035e+00
3.687339471775948851e+01,1.967507965704224659e+01
1.966644597819623996e+01,6.551211516841121352e+00
2.242281143846435754e+01,8.795991444605318677e+00
3.031099723065825913e+01,3.141545437934630414e+01
1.587490047503901813e+01,1.755754852650993669e+01
1.530022545434836445e+01,3.073839612878773053e+01
9.155768917707391097e+00,3.760366243005380937e+01
9.985677647397826817e+00,2.609416505228841032e+01
2.113316701799259789e+01,3.185038079849183035e+01
3.231782107180981711e+01,4.978244285663128466e+01
7.907466880188322556e+00,4.336471795120161943e+01
9.796558814707006846e+00,2.927739172412837476e+01
4.021579108103986755e+01,8.909248692844604633e+00
2.708784926411135530e+01,4.778594355496846191e+01
2.032395641568324507e+01,1.798587555835716856e+01
6.855129049385167761e+00,1.532400919541811390e+01
1.875128761571603064e+01,3.797827035620876757e+01
2.846078370017204051e+01,1.117116124834358182e+01
3.170683089303440738e+01,1.077360680771445800e+01
2.956106201277382084e+01,4.968923998446388879e+00
2.643991824064283591e+01,4.478321432988276740e+01
3.556436951904445465e+01,4.213680163420903568e+01
2.321099206897460121e+01,3.258500455628750569e-01
1.079058943212513455e+01,4.300598205359958115e+01
3.297951778677037993e+01,4.649223274946633921e+01
1.077490343242857485e+01,3.242139662271481626e+01
2.409525196946093928e+01,4.756316781565701035e+01
2.735284814294207578e+01,3.011288675778942103e+00
2.301630773173228661e+01,1.214709081106848387e+01
6.872430979575091747e+00,8.533363624930965230e+00
3.227420473465518569e+01,7.447418661192317657e+00
2.550627316549686086e+01,9.687710864491789309e+00
1.514173468710010351e+00,1.883936726279062412e+01
3.608431873711375459e+01,4.515922363707586840e+01
2.458848824373325925e+01,3.796581012562486990e+01
4.465744183898401332e+01,2.881454650211274071e+01
3.061057426928438119e+01,2.177547906547459178e+01
4.593784498722210685e+01,4.048619666714058241e+01
3.204471062692145011e+01,3.743965429972543291e+01
1.466992349373278870e+01,4.524598694362747864e+01
3.767187204652942967e+01,2.552559929598919197e+01
4.019913059333148198e+01,5.118707766466148001e+00
1.523462760172915331e+01,3.917432626211800795e+01
4.470310152017694350e+01,9.294795403850175219e+00
9.401252154075990575e+00,1.023292692757279987e+01
2.955748069542523027e+01,8.362761216013588239e+00
3.931698400772488355e+01,4.663640225251532456e+01
3.838021646230895101e+01,4.022673431091197926e+01
3.259956353047439137e+01,4.339466928713933669e+01
1.614311117407524776e+01,4.898325379784926525e+01
3.736380740804336398e+01,3.373051861872851021e+01
1.839099949605038731e+01,1.276697678806169556e+01
3.052592790358239050e+00,3.625727211369810732e+01
1.770717059871255472e+01,4.598034605228337313e+01
3.764314278897064980e+01,7.295719803952037452e+00
4.803566661482469868e+01,1.391694501136630002e+01
2.967795133167714638e+01,2.822117744993924049e+01
4.154717666895161443e+01,2.930444924986014499e+01
3.253743304309700335e+01,4.043786788236776886e+01
2.373403076567412384e+01,1.569305218809095415e+01
7.404378879041134454e+00,1.264250631456703644e+01
5.061697359585772205e+01,2.916116883021134143e+01
2.790134171008376995e+01,1.992733379455376053e+01
3.994022879725585540e+01,1.378670844003783102e+01
5.086772791609799071e+01,2.589389773775736003e+01
2.706073145379946254e+01,3.325886025696782156e+01
4.265690327600277243e+01,7.044343032361991774e+00
1.985682574254237664e+01,2.312677410814985279e+01
8.746803620456157446e+00,4.073031274281541414e+01
4.102429639546127049e+01,1.999991965117290960e+01
4.304220028663585396e+01,3.576268201329488505e+01
1.636221296272728054e+01,3.586581432382178036e+01
2.973269258267412241e+01,4.766430600949352225e+01
3.693956001466558003e+00,2.380802593088765562e+01
4.842627271879913309e+01,2.814590468598179740e+01
9.351692393136579184e+00,1.689272976884234367e+01
2.232369249325928351e+01,2.893755903113419592e+01
2.070307444651527717e+01,4.111289185452809392e+01
3.774576511091689923e+01,3.705094936414414519e+01
1.970004285204207051e+01,4.390288504121686941e+01
2.450728136401370350e+01,1.832034983261058869e+01
3.069198172189909712e+01,2.482769949010448585e+01
2.304047802430664049e+01,6.044060984096382150e+00
2.139421601829145203e+01,2.583538650341042242e+01
1.640949336313884999e+01,7.555364699072013579e+00
5.559378390488504351e+00,4.121144363933412791e+01
3.842774704191220536e+01,2.849825721171813342e+01
1.087879873597446156e+01,1.343880304081461752e+01
4.693362751390814225e+01,3.158819237398076041e+01
6.030633397154781861e+00,3.736843028723191651e+01
3.874059255913697797e+01,2.250551891584595765e+01
3.093444536513581156e+01,1.818346008970404526e+01
1.193435610354302234e+01,4.003692641975732158e+01
2.494126701420630354e+01,5.068490971649372057e+01
1.078717599925045079e+01,1.978223542544546376e+01
2.104196715750165225e+01,4.741705853239111690e+01
1.084019457649080032e+01,3.530235109379206193e+01
3.194425620366040164e+01,1.228851322151383707e+00
3.332960801201040368e+01,2.084093025572236968e+01
1.416628960470820253e+01,4.235699890653064870e+01
1.762269657752267449e+01,3.314409972868038068e+01
1.694034366714146200e+00,3.358178158657404566e+01
2.973336495059846385e+01,1.369107761346371177e+01
4.059615781287398306e+01,3.793974891798513482e+01
3.738214802252028335e+01,1.156295223092955027e+01
1.728251741075460812e-01,2.442438000242413310e+01
4.033871567349162746e+01,3.425837367723645599e+01
1.687907958826810528e+01,4.695179039439192792e+00
3.544998919229801260e+01,3.896293648383094421e+01
2.050748206951106312e+01,3.485602072460606138e+01
9.132350082137113745e+00,6.248882909522441409e+00
1.366555636738053003e+01,1.979050312156164892e+01
9.362713375816271721e+00,2.254249976331396255e+01
1.685320711586558673e+01,1.889683206840734542e+00
3.013695930356255559e+01,4.488704786525895685e+01
2.348383466637446126e+00,1.602005672258264113e+01
2.014674653179680774e+01,7.834993110224036661e-01
4.586305751136399778e+01,1.581748851949981294e+01
3.303427281892246015e+01,3.307996275139186082e+01
2.472199690589749821e+01,3.183900233480134734e+00
4.709423296390148295e+01,3.755353744029748952e+01
6.546115082821951425e+00,2.733993839973194540e+01
2.596201774652623229e+01,4.057618195017200780e-01
2.170042541549163673e+01,2.054958967235790013e+01
4.887340411182476174e+01,1.660945206652348816e+01
2.849163695136103414e+01,5.052545735276682848e+01
4.751144148298549652e+01,2.533153136758562596e+01
3.999047350945829749e+00,2.053656713180362203e+01
3.510944861764026115e+01,5.719067254179837079e+00
1.341262230765227237e+01,2.613320246614544828e+01
1.421883301285242496e+01,3.369810935839380051e+01
4.123768174913059426e+01,2.632784938050238566e+01
3.407130942176175381e+01,1.230060657955910663e+01
3.507351502203282934e+01,2.712635593301326153e+01
8.747691351623581024e-01,2.161703266351842245e+01
4.738247132072820023e+01,2.191381068322781900e+01
2.359870815617202311e+01,3.504104558165541761e+01
3.641162886841937052e+01,1.488547190061582803e+01
2.335802230808900148e+01,2.378731080976077905e+01
5.005620596748888573e+01,1.947428527251825159e+01
1.761743747556450046e+01,1.556606454779143789e+01
2.609234686638474443e+01,1.354595062537799244e+01
7.175984772850532600e+00,2.069935739132084862e+01
2.685886934951040317e+01,2.338153691222237640e+01
7.693895597920818119e+00,3.391659750357781888e+01
4.776154213148780414e+00,1.780543051536986709e+01
3.564563878543293640e+01,3.119425287710661721e+01
5.099649162345150977e+00,3.362069774128541866e+01
1.839334562667766515e-01,2.763915029312142480e+01
4.576786348500165502e+01,3.501103681110959087e+01
3.762519716202272946e+01,3.401583176740456071e+00
4.135161272017905176e+00,3.079955266354865273e+01
4.364056184071245781e+01,1.810111559525141445e+01
2.661838926898637325e+01,4.056167883835769317e+01
2.724344430615093060e+01,3.018695244486827178e+01
1.073076853014437049e+01,4.607968296586898305e+01
4.191417997416344576e+01,4.482678265681822438e+01
2.770172426575947711e+01,2.599241107296313658e+01
1.735538171773581340e+01,4.211994383795518360e+01
3.484147167636864850e+01,2.111708216192823340e+00
2.111864443234070876e+01,3.093914028811296291e+00
4.190386773273807108e+01,1.117364447996383170e+01
2.102498772970574947e+01,1.475618169967350291e+01
4.291447081537180708e+01,3.924754753293229470e+01
1.735186677024746160e+01,2.481078417981738227e+01
2.181014317275988290e+01,3.797045116621185912e+01
1.552573861160637669e+01,2.230518766498746075e+01
2.714466471593407348e+01,3.615088620654504581e+01
6.760783755026470665e+00,3.077052023410718462e+01
