3.438099993974257274e+01,3.167230123771304307e+01
4.746494679500830927e+01,2.405245624252109593e+01
3.157262661457088115e-01,2.253262871956873070e+01
2.074828077351817868e+01,2.468261885179072124e+01
2.550428138487439256e+01,2.045417820008206888e+01
2.348126633583424550e+01,4.757080400716473179e+01
2.297010743827198098e+01,4.383929790563924200e+01
3.226215006189273993e+01,7.889054398307302485e+00
3.108645360904662169e+01,5.025231685859223063e+01
3.326910666739068745e+01,2.816925706993849232e+01
1.209308625793807757e+01,4.712500946034260352e+01
1.956799427770789634e+01,4.420418869431169639e+01
7.280660395857950995e+00,3.107698180306021385e+01
4.026391497134124364e+01,4.620466891597151715e+01
1.767845377654511552e+01,3.678097322814624448e+01
2.471649282644100154e+01,4.116045935251322163e+01
4.357191811705303763e+01,3.093248301268378952e+01
2.070216699224802503e-01,2.532441643956667221e+01
2.770751166584423686e+01,5.063992423647969332e+01
3.267056700728350904e+01,1.158312533513370823e+01
1.909293941943260364e+01,1.813482657252400188e+01
1.456172939039467806e+01,2.570855559145081415e+01
1.758044184583788550e+01,1.516286737398272066e+01
1.493922490301242689e+01,4.824038862604579947e+01
2.634291543621919374e+01,7.252497434775459495e-02
3.478898441878002501e+01,3.499030715432071048e+01
2.030870351923511663e+01,1.285154717623293408e+01
4.881110961205317267e+01,1.562008786795447790e+01
3.782896809528715920e+01,4.444292910777463135e+01
3.187434847944345506e+01,4.529556376828382014e+01
1.726747651716102894e+01,1.739528616474990130e+00
2.608507130402804464e+01,4.408330609832153613e+01
2.137599657735771430e+01,4.089230376387186539e+01
1.512248741026931143e+01,1.739896098622715215e+01
1.762145103203919660e+01,1.153205494854310054e+01
4.748544434338493403e+01,1.279530278534585719e+01
9.179963199557491293e+00,3.336406033895065093e+01
5.838382598036937488e+00,2.509907311819245379e+01
6.310671384139924456e+00,2.147444300654427352e+01
7.688532157382220733e-01,3.117771167937419108e+01
9.829320483871729630e-01,1.950076881494461389e+01
2.918447720120096278e+01,1.225804645338837595e+01
4.943931208796950472e+00,1.057441780326321634e+01
2.023082265665594903e+00,1.622617962453206886e+01
3.095349604168164959e+01,1.775809527087089990e+01
3.841460935613103089e+01,2.254759557171114182e+01
1.411949218250286897e+01,4.101198886436241509e+01
3.410127428924838711e+01,4.931444811681416240e+01
4.308420475799459837e+01,1.225665672509118487e+01
1.291758471592731716e+01,1.983847546393732131e+01
2.058090598160559637e+01,4.725184826730135512e+01
1.191126946593000824e+01,3.576691786831077025e+01
3.030894790977337294e+01,1.469850210913189059e+01
5.064849299752972911e+01,2.809183509850202043e+01
3.283033742227252105e+01,2.477371983309434356e+01
3.460012697416161132e+01,4.304797155672367381e+01
2.679168218912672117e+01,1.463181845078807441e+01
1.333477736611976106e+01,4.438471140471155252e+01
3.529221191975042871e+01,9.261906500456946745e+00
2.109888221626517435e+01,5.043581290106456549e+01
3.057432093722143751e+00,3.737044705472361983e+01
2.014592102759669245e+01,9.469095734680218257e+00
4.443517208446225197e+01,2.795212810075302556e+01
7.293157981902374409e+00,4.297219163248838214e+01
3.969988835495345825e+01,4.195328562573613596e+01
2.042600715481237472e+01,3.791230897316077630e+01
3.929203331592570692e+01,3.874065000401969172e+01
4.371659342292986850e+01,7.934186064464172183e+00
6.836737995023666414e+00,1.324518055833014429e+01
2.227217197437644813e+01,3.490994387787172570e+01
4.637329650638803002e+01,3.356563822479286330e+01
3.715345889543878144e+01,1.961973486881975859e+01
2.892693131976938758e+01,6.166231385939915377e+00
4.643136054830202397e+01,3.975551229650086782e+01
2.978995764117921397e+01,2.404105787088457902e+01
6.118701088308182712e+00,3.727234899122587564e+01
9.034148924421749882e+00,1.093012051170025956e+01
1.929691119018850642e+01,3.813825587261521655e+00
3.977577236823815365e+00,3.146362592464314645e+01
5.400934963960155599e+00,3.419553928668948828e+01
1.009842615816578437e+01,3.007284256421543489e+01
1.414664555370519494e+01,6.820806260991032488e+00
2.908916880089991253e+01,9.136142007610956739e+00
1.979959491774146940e+01,2.152219323186194089e+01
2.788325771703071609e+01,2.980294679545149261e+00
4.066199131543196899e+01,2.032645027509931168e+01
4.565868405050846945e+01,1.014823901425646646e+01
2.900460460567522603e+01,4.444743685053364146e+01
4.142197423823515123e+01,5.764842772837266871e+00
4.059432337884981479e+01,3.310229481619749947e+01
4.126748260367867971e+01,3.636470449007481420e+01
3.034579727299490415e+01,2.724469584486024587e+01
2.251043405001749420e+01,1.948296644119196230e+01
1.257908955804650830e+01,3.234880196184127499e+01
4.675579453496359861e+01,3.042523155724420647e+01
3.320530757307274428e+01,1.432751105992227769e+00
1.162295058283080529e+01,2.271151913098444552e+01
3.557294510018008538e+01,1.303094978221358424e+01
1.920430048536369227e+01,3.400615064907798057e+01
3.114531652164095021e+01,3.481548654249469354e+00
2.853102125137433021e+01,3.308531060438058802e+01
2.247771126708905598e+01,3.528493112991263114e+00
4.019183474343162743e+01,2.961483596842266408e+01
3.236684614653054570e+00,1.344754239813235941e+01
1.855082530197358892e+01,2.702874368983493625e+01
5.013377884989390765e+01,3.096588071499467887e+01
1.135878434774480894e+01,3.873284434251330310e+01
1.665127713103107610e+01,2.052083409129826208e+01
5.053678091574073505e+01,2.150702125978336454e+01
4.698545053879134059e+01,2.077413329625549565e+01
3.794495216438874508e+01,3.553074295867269683e+01
3.647567679798559226e+01,6.325440337930593238e+00
1.091594274010342147e+01,4.216905513280716633e+01
3.132687806201891334e+01,3.072462203493924449e+01
2.285379011304225116e+01,1.072900452873882848e+01
1.464440354436588621e+01,3.793634382546083117e+01
5.176598195117400714e+00,1.584804129500282599e+01
1.187323520836447521e+01,4.248722771516870722e+00
3.128827044018251513e+00,2.658433504192784369e+01
4.621309380030358227e+01,1.760893008205395560e+01
2.541474116460609523e+01,3.182156603038381348e+01
3.658724934351602798e+01,2.872932612270342290e+01
3.960566502121886856e+01,1.720465072527017369e+01
1.712447067976365034e+01,8.394373460766445305e+00
3.344614078525224699e+01,1.563075974695007098e+01
1.596427831634532168e+01,3.131147984493463454e+01
3.031716126182237758e+01,3.937359739443992623e+01
1.577917751852925754e+01,2.835272546256503645e+01
4.198771008640631663e+01,1.520159842169999642e+01
2.369279101714454328e+01,1.399551929923221572e+01
1.639688228220259703e+01,5.019142841258292798e+00
3.233944131377293019e+01,3.693429350745243767e+01
4.971052117896373090e+01,1.847954453646656248e+01
2.317836110369303881e+01,7.198987721314754396e+00
7.522510257039817461e+00,1.776934012123520645e+01
2.815102777697183001e+01,2.963984972428634279e+01
3.628546945534878887e+00,2.279005815472614316e+01
3.621559961847584219e+01,3.797989752263578112e+01
2.454202735807710667e+01,5.074665849216264490e+01
4.268540529569986575e+01,4.417170782408897622e+01
3.749942054320674600e+01,4.777502841611856610e+01
4.808663130727119039e+01,3.678552790605967715e+01
1.754192303180143497e+01,2.414139610199447361e+01
2.685490600795827376e+01,2.361978180437021280e+01
9.663680386720963966e+00,4.519068298255040617e+01
1.637620605711544997e+01,4.297150199344345367e+01
2.336467663721607835e+01,4.076880193974339872e-01
4.140501131732774098e+01,9.826653121324287810e+00
2.547280706333344824e+01,5.073003375793383007e+00
3.495618493739680588e+01,4.601509722903171706e+01
4.764482488334893162e+01,2.752366714971839912e+01
3.157259353026001136e+01,4.227941780548505335e+01
1.491076255343488022e+01,2.259983312763364438e+01
8.811678056762616507e+00,2.395390809399126297e+01
2.304715713679360789e+01,2.269749170389879822e+01
1.162239653788976668e+01,8.610636115884400255e+00
1.070530936213854822e+01,1.771423888805155755e+01
4.132832040785731209e+01,2.359846197316092997e+01
3.513988338040329751e+01,2.251379828360805035e+01
1.475126179720737873e+01,1.000177920056738934e+01
3.674944561470751836e+01,4.136287246417708019e+01
3.166787785744340766e+01,3.366856927251278364e+01
1.167527205414203628e+01,1.229903431742473963e+01
1.500726025939504993e+01,1.342959004398959344e+01
4.939724159020104111e+01,3.369703794291569920e+01
4.074812494095355397e+00,1.901062855393939444e+01
4.459062028949489331e+01,3.718852978633028528e+01
3.885716410668069898e+01,2.633992822175027371e+01
9.482713030655947506e+00,6.207097083443029462e+00
2.830499297319455820e+01,4.153734219917429016e+01
2.408855819445709656e+01,2.573497816092245216e+01
3.617498266489402425e+01,2.401469569116293723e+00
1.780499072869507771e+01,3.996692496828154617e+01
2.459283987058824295e+01,2.909224528364412876e+01
1.272565169888209091e+01,2.890985587765106146e+01
2.990291997586163575e+01,4.586221696439611306e-01
2.705692166291388645e+01,2.690454600091853266e+01
2.752370962002077093e+01,1.765309137874776724e+01
2.611969802181418743e+01,8.169648273519264592e+00
2.893334131817141497e+01,3.619859646414942489e+01
4.471876814138813216e+01,4.221025211958158962e+01
9.212400942627528622e+00,2.047615324072332754e+01
2.312702862048169550e+01,3.814002417182011584e+01
3.354149304829616796e+01,3.972833060327086230e+01
4.314002827274639174e+01,1.812627650151976155e+01
1.143123304012347496e+01,2.611851947574319865e+01
3.398783986839298166e+01,1.894538263693682012e+01
4.455406571902254598e+01,2.452118885006239069e+01
2.457022460267737785e+01,1.711685810974751476e+01
2.578601434060241715e+01,3.557022253840001014e+01
4.351770263608386102e+01,3.448005061592584752e+01
1.889136915167176056e+01,3.050840246240905529e+01
4.394055852156111541e+01,2.129728997955548664e+01
8.315972855676166731e+00,2.736259921406773898e+01
3.910976585636697678e+01,7.504477623993834889e+00
3.592602974616666955e+01,2.550872367753868630e+01
9.240691067820563376e+00,1.465692574558023331e+01
3.383716037152856160e+01,4.866183110922440491e+00
3.655492593832261861e+01,1.637494321688346233e+01
1.243030649904230600e+01,1.521307167255559989e+01
4.184005109363454267e+01,2.703126078776218577e+01
2.953068897304324025e+01,4.752647386449564948e+01
3.875205458774910028e+01,3.826801057576389553e+00
7.265993240269422948e+00,8.059299547213136350e+00
1.788450344334948738e+01,4.969716140674604077e+01
1.767704011648491447e+00,3.421824261392588085e+01
1.987665766700792958e+01,6.696870678315482550e+00
1.437182450968726499e+01,2.658821001339619627e+00
2.172896578890552632e+01,3.146695081431975538e+01
2.011894167848411996e+01,6.935361726723378029e-01
3.179563156255589362e+01,2.127444686314817446e+01
4.510703201663513084e+01,1.471737030857400796e+01
2.112833550637919444e+01,1.607972020802587210e+01
5.462978289831304402e+00,2.864317758488518351e+01
1.711606726400553313e+01,4.602592284962380376e+01
8.295550103076328341e+00,3.959876476910908139e+01
2.607873720178128707e+01,1.130871341857965184e+01
8.858736715787578930e+00,3.621684374300449605e+01
2.164793934809672393e+01,2.824756094397920236e+01
2.639018785349338003e+01,4.728154149679726004e+01
3.824957844304475429e+01,1.063542565252872052e+01
4.253651375015125069e+01,3.958224485420004868e+01
3.897853710207989764e+01,1.385212110495298887e+01
1.524407609359356108e+01,3.438491089371129306e+01
3.757559395059544727e+01,3.196413302540216961e+01
2.853746552288466276e+01,2.086994935150930885e+01
2.406912792132664958e-01,2.811017526717344239e+01
5.091484476197125986e+01,2.470903619682130525e+01
5.066629439386944433e+00,4.045841968551887646e+01
2.697099193648868720e+01,3.871745532372194276e+01
