2.660202675406704742e+01,1.098661046064833435e+01
1.136810065336213960e+01,4.336938550910029733e+01
2.303004217511575913e+00,1.491960680686261753e+01
3.653001674514385400e+01,4.213813757904073753e+01
3.698619578319185308e+00,1.817836889406754608e+01
3.544609193867606933e+01,3.180493495509934831e+01
3.291553227383985103e+01,4.712902011999992169e+01
5.024459978001370786e+01,3.151983331404033351e+01
2.725648871295509679e+01,2.691975645779388415e+01
2.551270395626513832e+01,5.099082264313253887e+01
2.390399489412243783e-01,2.213576637871018349e+01
1.224790284344733671e+01,6.853428835753430981e+00
4.176435058678161738e+01,5.973708117388458305e+00
5.497080193977033957e+00,3.700640465825201630e+01
1.218044855745496413e+01,1.065965320240899672e+01
1.457315467819387678e+01,8.665679538030948592e+00
4.102023113560475309e+01,2.858835566273883799e+01
2.134888735137808169e+01,4.812219242148024989e+01
1.018379891457703401e+01,8.664458066874541231e+00
1.859306889453946710e+01,3.251504533472338210e+01
4.467776385257801053e+01,1.846321424940793321e+01
5.068808797503186980e+01,2.215973815820786541e+01
4.872831446593585802e+00,1.535679225853269436e+01
1.287949085586553299e-01,2.407779999724307629e+01
2.090882769847510758e+01,4.811669713959813022e-01
3.879814451065230685e+01,3.786694072672884825e+00
1.062105522047062323e+00,1.853286985850936830e+01
3.050521561281265548e+01,3.520852468505520250e+01
2.034224435721468893e+01,8.580439966406139263e+00
1.989418110865588574e+01,4.472043312226215761e+01
2.570374736977901620e+01,5.171895825107526434e+00
8.190847810066790302e+00,1.051733500209364713e+01
3.675205721660132951e+01,1.271908945197298380e+01
4.839775169889498585e+01,3.669359477011273185e+01
3.717684803558941553e+01,2.863940644805643032e+00
5.042674740861240679e+01,2.031123308360536583e+01
2.415809432778775445e+01,1.588028152094963374e+01
3.229330369853703253e+00,1.328017501911931753e+01
7.400604772274713028e+00,3.939298784603940362e+01
9.449407151360539103e+00,1.898345707258711101e+01
1.478190722459806850e+01,5.334902389791110089e+00
4.207743193096689538e+01,4.121074442070211319e+01
4.274538361403901376e+01,1.597209386498167127e+01
2.187088286553792216e+01,5.066977757780707492e+01
2.685584324527670574e+01,1.406871748521009380e+01
2.582999412008831541e+01,8.038964913041118265e+00
5.754605410469022964e+00,4.156929006242143743e+01
2.691951404789324442e+01,2.384908582560693446e+01
2.934369022773591595e+01,5.066255711253409544e+01
1.867420728195734014e+01,2.608054378112647598e+01
3.838857235461956208e+01,6.682935612810521064e+00
2.987891810934116776e+01,2.524034128902640362e+01
1.535468864366683839e+01,1.515438953350092177e+01
3.548437625323955302e+01,2.058868833798888520e+00
3.612506467787780196e+01,3.876714679820778997e+01
3.832657579614979682e+01,3.010976971795935242e+01
1.855744237284131870e+01,1.650399740882164323e+01
1.058514542234393829e+01,4.852916314613882065e+00
7.837104241835849194e+00,2.874542828617413903e+01
4.396614194787028396e+01,3.914860562991370330e+01
1.000103527122818292e+01,3.117626077534078988e+01
2.810234147574920627e+01,3.982676330054469105e+01
1.942528798660315470e+00,3.510349007898464890e+01
3.203812074445276892e+01,8.590201674972567369e-01
2.461030102058856883e+01,4.374650449225950255e-02
2.992353277145677115e+00,2.921923467643950900e+01
7.755595845884404760e+00,2.530680798514603325e+01
7.006635482309068408e+00,4.297281061511998246e+01
1.981404080625067365e+01,4.174285998305405343e+01
1.723022658111301197e+01,1.460217198219633916e+00
2.005680135080566373e+01,3.085488217390025767e+00
3.994829256596371891e+01,4.324177653878443550e+01
4.702247614758434935e+01,1.716632930944946978e+01
2.570234342348145962e+00,2.349794367103890025e+01
1.286062809325024148e+01,3.277208970494984897e+01
2.549762167385721412e+01,4.150659712963137338e+01
2.422590250256602928e+01,1.909705646535147849e+01
7.798929596654818219e+00,1.530227172803651747e+01
1.955132701993296251e+01,3.867969638627423734e+01
4.567381453418649073e+01,2.460631778685059956e+01
3.742145264954485384e+01,1.666270878286414714e+01
4.520804760492764984e+01,2.148190604149815996e+01
1.428872744702346687e+01,4.210043745107012825e+01
1.725911065369934150e+01,7.202231612696824214e+00
3.483996234993365704e+01,4.918810703573410592e+01
2.378390835224619693e+01,1.269382135797790134e+01
3.642654448202993223e+00,3.857187929412773997e+01
1.518963200651294265e+01,1.173660769665915105e+01
1.295013063803292042e+01,1.746714255276032901e+01
3.956994526169637538e+01,1.121765385130929360e+01
3.823923576681360625e-01,2.970683173190696280e+01
3.066832500933908534e+01,3.840178362883231244e+01
3.117038726323232822e+01,4.486425498354331864e+01
1.880022624273685494e+01,2.929866156050719894e+01
5.466405589152874889e+00,2.367270576001739357e+01
2.994496050228699247e+01,2.205615790029924383e+01
2.993639575857189783e+01,2.874630197490142081e+01
6.433016701063209553e+00,8.598894833948698135e+00
4.823073243297599788e+01,2.887713539505670468e+01
2.702856295301264211e+01,2.064713275075065724e+01
4.777202768554540313e+01,1.321648065009402018e+01
3.031377358701363889e+01,3.206269914563099377e+01
4.809216145669007858e+01,2.298434203512281115e+01
3.379081561662678723e+01,1.480592525715564989e+00
8.079898762065248485e-01,3.155402058408803256e+01
3.516875098271807332e+01,2.547543082527533542e+01
2.113588902881712173e+01,1.472625404941496541e+01
1.303466283761664002e+01,3.589657819130840011e+01
1.372160169780765671e+01,4.500056547823036368e+01
3.537351645917610199e+01,4.605088959582325714e+01
4.706568853340989023e+01,3.137337391412083676e+01
4.454918687430974700e+01,8.561088998582707887e+00
3.895345293388769647e+01,4.039706024915320626e+01
4.569777934373059480e+01,3.662212535102801780e+01
6.945343612466675642e-02,2.596084797939849764e+01
4.171012876849350448e+01,1.334351077395262486e+01
4.938553605439023642e+01,1.663562976274308980e+01
4.257594843667828854e+01,1.007639197649502449e+01
1.720309455051474501e+01,4.126551008176753577e+00
2.273638861160218028e+01,4.285554941663255590e+01
3.819375613821006965e+01,1.982049968516554017e+01
2.131317064272580453e+01,2.427473365411977468e+01
3.568538112362024783e+00,3.197443542240896974e+01
4.992491968139163561e+01,1.842190681667361929e+01
2.444229650799421449e+01,2.874368131077848787e+01
2.120165449996944673e+01,2.111504794510929273e+01
3.827359193380657132e+01,3.317701317165263930e+01
2.173826362447557514e+01,3.072888104249047103e+01
2.518428140561536921e+01,3.825565502119790295e+01
1.125890912074093464e+01,4.660456739051166153e+01
1.375146886816212621e+01,2.881543255930813618e+00
2.869490397231348666e+01,5.707262209262619734e+00
2.253857289581639023e+01,3.987396804435402942e+01
4.034010685446247635e+01,4.822726065161494269e+00
6.396330068802603463e+00,1.271882783490806013e+01
6.397666996135879636e+00,2.085550172434948735e+01
4.133048953355836375e+01,4.548232337018511373e+01
1.809334702317013210e+01,4.982581833920924197e+01
2.729108084260886002e+01,3.026333611463715201e+01
2.205657068494597794e+01,3.674383542851607132e+01
2.273645721127230956e+01,3.149889611723216465e+00
4.916667813170131751e+01,3.494157795736063576e+01
4.709383734248839382e+00,4.009599662923191943e+01
4.064764257933857294e+01,3.471155949457406109e+01
1.690479511066995855e+01,4.047659176551059090e+01
5.260806708734374837e+00,1.003832989053290348e+01
1.706943350449300567e+01,4.349537648433587833e+01
3.652635669561526299e+01,4.840065273527587664e+01
1.295308502466047340e+00,3.332579614499235277e+01
3.011902149015648078e+01,4.796436052695786145e+01
3.366103936346518566e+01,4.241672364837279829e+00
4.976578788011632071e+01,3.323372284776356622e+01
4.050948455014952998e+01,8.318615446273582847e+00
2.837738877156599315e+01,1.942776472827986711e-01
2.770703019138777989e+01,3.657948467269534376e+01
1.206221353492435355e+01,2.036425604887415730e+01
3.841656202842472112e+01,3.707553440500288389e+01
3.280531169566171457e+01,3.035868986965387961e+01
1.288293711244147666e+01,4.756851511468519078e+01
1.623147275570173775e+01,4.916605510851709937e+01
8.355421474603394572e+00,4.432185905219334643e+01
2.465548332639390949e+01,3.188037782059015512e+01
1.565004978825188608e+01,3.416228783107411715e+01
7.724316114117792509e+00,7.262333347862431232e+00
2.132497962109164291e+01,1.778593552194465133e+01
3.363178094456398703e+00,2.090217736712385133e+01
3.159645663437309793e+01,6.433018793564904136e+00
2.369923503732023207e+01,5.089598719577704600e+01
2.704791463921048855e+00,3.682708409616769529e+01
9.741715502368585078e+00,4.551756078539800399e+01
3.709145717396270214e+01,9.247412835348763238e+00
1.038241016205560108e+01,1.597147911970305145e+01
4.579955750726205110e+01,2.796852648142039044e+01
1.548639203550063037e+01,2.114893885287379049e+01
9.874539707669685029e+00,1.271942126892978742e+01
1.209642709820673900e+01,3.827086121644334593e+00
1.028379381986005470e+01,3.786365113798364490e+01
3.246568126989807013e+01,2.029044272060622944e+01
3.596315013874184530e+01,3.534396881738670260e+01
3.104499303824147560e+01,4.167694856412937554e+01
1.595656964492617824e+01,2.788415911265817115e+01
1.449927322753938519e+01,4.840295866405912761e+01
5.085285672576647897e+01,2.783474298775749034e+01
2.834736095131138356e+01,2.826746383718732769e+00
2.073940908323881516e+01,1.165219655281025091e+01
1.310844402232322992e+01,2.307622519247436443e+01
2.287894876921377474e+01,6.245946987237775971e+00
3.535721636621469344e+01,2.174808884752760108e+01
2.536902889223211943e+01,2.516447103878439506e+00
1.292428397071583746e+01,2.970970301309331774e+01
5.276599632979438681e+00,2.709043904742797082e+01
3.018547231864064884e+01,4.742734629053763085e-01
2.642926283294602996e+00,2.626039332584148056e+01
4.320502873068310379e+01,7.158180594047440337e+00
1.162535443522709144e+01,4.041262207118424499e+01
2.708503295581719073e+01,4.835231582510912318e+01
2.761244568749329886e+01,3.352981749181147819e+01
3.517726694690774281e+01,1.870453762938730691e+01
4.387977107334817362e+01,3.312120787320640858e+01
4.227229241925979153e+01,2.001890472092460982e+01
4.302730882584793193e+01,3.597337267406937400e+01
1.902713491409952340e+01,8.384803844535599904e-01
2.165433834382037404e+01,2.739843280727456332e+01
5.059382130920355536e+01,2.968807704189742935e+01
1.586046855705849801e+01,1.818050200733453892e+01
1.805440731226976325e+01,1.340371036195570298e+01
1.838937425281545401e+01,2.288753560454934188e+01
4.037639277092513623e+01,1.771772559266295843e+01
1.859945074234254392e+01,4.735820027829521450e+01
1.324720499606701729e+01,2.630839914365422771e+01
1.855194256028764599e+01,1.980598446554129666e+01
4.863925700476971059e+01,1.483517313459877052e+01
3.390730411527340493e+01,4.347563842912285281e+01
4.646045803777738570e+01,3.996537793754800560e+01
4.848688343705958204e+01,2.589173693135577281e+01
4.408210871378190632e+01,3.031065501546599350e+01
3.272727581361373694e+01,2.362566510176272772e+01
2.433364470316363537e+01,4.835004671898403927e+01
4.122870944826853901e+01,3.160564598968545980e+01
8.984812260408650886e+00,2.207820237414030018e+01
2.978007405579799993e+01,1.871892547946424301e+01
3.818631236831117803e+01,4.753881147646816885e+01
3.246663068018167309e+01,1.686407852905801974e+01
1.583770794246548697e+01,3.091773982467111992e+01
4.574361651085092006e+01,1.006670322967486086e+01
9.123106826469372876e+00,6.043214200038059758e+00
2.821285891064960794e+01,4.585470415040002479e+01
3.364640454265075675e+01,4.036028499471693465e+01
1.620037116981061587e+01,4.624164783200244955e+01
1.047588308334498386e+01,2.784679137300194540e+01
1.774984418641143336e+01,1.019874932631517694e+01
2.461379307049906373e+01,3.502563266621499594e+01
4.109172779091264971e+01,3.827063064378129553e+01
2.828340350635130918e+01,4.293095049748470871e+01
3.179846748701596226e+01,9.825127232962046264e+00
8.014008889651723422e+00,3.616688457349382446e+01
3.796172804808264800e+01,2.696497098971310180e+01
3.320860636168545454e+01,3.381508975082066115e+01
4.663024576465478077e+00,3.448862528762579416e+01
3.244114653062722908e+01,2.696070961073297312e+01
4.024173697030072105e+01,2.201862301399907196e+01
5.092171088802160739e+01,2.595999116882596169e+01
4.404224791794076310e+01,4.286541989557751009e+01
1.906703334019250207e+01,3.546147396470716728e+01
3.097613996550495230e+01,3.371546254711831558e+00
2.554959273817072685e+01,4.505889059593128820e+01
3.444308621059359155e+01,1.112089763723697722e+01
3.306812767779619833e+01,4.984495762797474327e+01
4.322100454675099712e+01,2.682479541689435010e+01
1.271187986178667195e+01,1.398280738371694376e+01
2.745595159303823252e+01,5.086931326723454561e+01
2.274371353195186884e+01,2.216033471317615522e-01
4.036748689851525285e+01,2.531439919682286899e+01
1.545998425795142772e+01,2.119989188570081229e+00
4.671059888121806836e+01,3.405256285566063212e+01
4.165592644521864507e+00,1.164101144542989097e+01
4.553950166339473782e+01,1.487909383691519416e+01
2.288764895547181766e+01,4.576295790252820694e+01
1.655985467260900279e+01,3.722220607606385556e+01
3.531846529895755538e+01,2.862199259413554131e+01
5.087972220643671051e+01,2.408412115914034857e+01
2.905266847363483862e+01,8.697663302495218574e+00
3.977223921541555285e+01,4.654584703450618122e+01
3.766320009932920243e+01,2.365036477445674734e+01
5.770684768053242486e-01,2.028929720650494417e+01
7.438512980850259027e+00,3.295640736783278157e+01
3.778285847695232746e+01,4.477368629298961622e+01
6.679644033001321368e+00,1.793303263668887126e+01
2.416854987822201650e+01,2.548321438518123827e+01
4.685445908568608075e+01,1.157565851931008538e+01
2.650256204115063241e+01,9.992219359818908797e-02
1.057225785292741271e+01,2.449279304189758832e+01
3.482317341977011438e+01,1.508510680440330276e+01
1.618500487483861827e-01,2.783549302689320015e+01
2.957501811328428332e+01,1.537655956494857534e+01
4.782382813996157012e+01,2.012473428654853436e+01
1.998198933783812237e+01,5.031318473427700155e+01
1.997654003000127432e+01,5.838551355258899456e+00
3.438586792305415685e+01,7.896551859591539824e+00
3.123863738001534784e+01,5.025439060818613513e+01
2.693827416725628154e+01,1.730685289636239688e+01
4.294032783798392927e+01,2.340498158391280015e+01
3.928803895478139196e+01,1.445710599933808105e+01
4.530000403356771699e+01,4.153142935397569602e+01
2.163918248291362900e+01,3.352063160989112589e+01
4.430766986278251807e+01,1.237932839669934104e+01
1.608629867879712405e+00,1.661152346277555480e+01
1.033577022198529249e+01,3.442630873715496875e+01
3.602858562148981747e+01,5.489856507524547347e+00
2.946184734053348109e+01,1.208423907508079509e+01
4.740806648391419742e+01,3.837604017203850759e+01
1.394903459540313406e+01,3.875734823825514042e+01
1.593028003874415433e+01,2.474472892890959841e+01
9.073925206109917596e+00,4.149387908095884825e+01
3.226471511845990392e+01,1.349269304082118381e+01
3.326935837447361877e+01,3.699819670064237442e+01
2.342756289492827193e+01,9.562439573219636557e+00
2.411254265206029856e+01,2.220225542801846785e+01
4.276762774335141870e+01,4.425816996678720727e+01
5.822435495878752754e+00,3.045192939551053612e+01
